{
  "$schema": "https://microsoft.github.io/chartifact/schema/idoc_v1.json",
  "title": "Select Items to Buy",
  "dataLoaders": [
    {
      "dataSourceName": "itemsData",
      "type": "inline",
      "format": "json",
      "content": [
        {
          "item": "Apples",
          "category": "Fruits",
          "price": 1.2
        },
        {
          "item": "Bananas",
          "category": "Fruits",
          "price": 0.5
        },
        {
          "item": "Oranges",
          "category": "Fruits",
          "price": 0.8
        },
        {
          "item": "Strawberries",
          "category": "Fruits",
          "price": 2.5
        },
        {
          "item": "Grapes",
          "category": "Fruits",
          "price": 2.2
        },
        {
          "item": "Bread",
          "category": "Bakery",
          "price": 2
        },
        {
          "item": "Bagels",
          "category": "Bakery",
          "price": 1.8
        },
        {
          "item": "Croissant",
          "category": "Bakery",
          "price": 2.3
        },
        {
          "item": "Milk",
          "category": "Dairy",
          "price": 1.5
        },
        {
          "item": "Cheese",
          "category": "Dairy",
          "price": 3
        },
        {
          "item": "Yogurt",
          "category": "Dairy",
          "price": 1.1
        },
        {
          "item": "Eggs",
          "category": "Dairy",
          "price": 2.4
        },
        {
          "item": "Chicken Breast",
          "category": "Meat",
          "price": 5
        },
        {
          "item": "Ground Beef",
          "category": "Meat",
          "price": 4.5
        },
        {
          "item": "Salmon",
          "category": "Meat",
          "price": 7
        },
        {
          "item": "Carrots",
          "category": "Vegetables",
          "price": 0.9
        },
        {
          "item": "Broccoli",
          "category": "Vegetables",
          "price": 1.3
        },
        {
          "item": "Lettuce",
          "category": "Vegetables",
          "price": 1
        },
        {
          "item": "Tomatoes",
          "category": "Vegetables",
          "price": 1.2
        },
        {
          "item": "Potatoes",
          "category": "Vegetables",
          "price": 0.7
        },
        {
          "item": "Pasta",
          "category": "Pantry",
          "price": 1.1
        },
        {
          "item": "Rice",
          "category": "Pantry",
          "price": 1
        },
        {
          "item": "Cereal",
          "category": "Pantry",
          "price": 2.8
        },
        {
          "item": "Olive Oil",
          "category": "Pantry",
          "price": 4
        }
      ]
    }
  ],
  "variables": [
    {
      "variableId": "itemsData_selected_sum_price",
      "type": "object",
      "isArray": true,
      "initialValue": [],
      "calculation": {
        "dataSourceNames": [
          "itemsData_selected"
        ],
        "dataFrameTransformations": [
          {
            "type": "aggregate",
            "ops": [
              "sum"
            ],
            "fields": [
              "price"
            ],
            "as": [
              "sum_price"
            ]
          }
        ]
      }
    },
    {
      "variableId": "total",
      "type": "number",
      "initialValue": 0,
      "calculation": {
        "vegaExpression": "format(data('itemsData_selected_sum_price')[0] ? data('itemsData_selected_sum_price')[0].sum_price : 0, ',.2f')"
      }
    }
  ],
  "groups": [
    {
      "groupId": "main",
      "elements": [
        "## Select the items you want to buy\n",
        {
          "type": "tabulator",
          "variableId": "itemsData_selected",
          "dataSourceName": "itemsData",
          "tabulatorOptions": {
            "autoColumns": true,
            "layout": "fitColumns",
            "minHeight": "200px",
            "maxHeight": "200px",
            "selectableRows": true,
            "rowHeader": {
              "formatter": "rowSelection",
              "titleFormatter": "rowSelection",
              "headerSort": false,
              "headerHozAlign": "center",
              "hozAlign": "center",
              "width": 40
            }
          }
        },
        "## Total Price\n\n${{total}}\n\n### Categories",
        {
          "type": "chart",
          "chartKey": "1"
        }
      ]
    }
  ],
  "resources": {
    "charts": {
      "1": {
        "$schema": "https://vega.github.io/schema/vega-lite/v6.json",
        "data": {
          "name": "itemsData_selected"
        },
        "mark": "bar",
        "encoding": {
          "x": {
            "field": "category",
            "type": "nominal",
            "title": "Category"
          },
          "y": {
            "aggregate": "count",
            "type": "quantitative",
            "title": "Number of Items"
          },
          "color": {
            "field": "category",
            "type": "nominal",
            "legend": {
              "title": "Category"
            }
          }
        }
      }
    }
  }
}