{
  "$schema": "https://microsoft.github.io/chartifact/schema/idoc_v1.json",
  "title": "Chartifact Primer",
  "variables": [
    {
      "variableId": "userName",
      "type": "string",
      "initialValue": "Alice"
    },
    {
      "variableId": "temperature",
      "type": "number",
      "initialValue": 20
    },
    {
      "variableId": "isEnabled",
      "type": "boolean",
      "initialValue": true
    },
    {
      "variableId": "selectedColor",
      "type": "string",
      "initialValue": "blue"
    },
    {
      "variableId": "selectedItems",
      "type": "string",
      "isArray": true,
      "initialValue": [
        "apple",
        "banana"
      ]
    },
    {
      "variableId": "obj",
      "type": "object",
      "initialValue": {
        "foo": "bar",
        "value": 42
      }
    },
    {
      "variableId": "obj_foo",
      "type": "string",
      "initialValue": "bar",
      "calculation": {
        "vegaExpression": "obj.foo"
      }
    },
    {
      "variableId": "obj_value",
      "type": "number",
      "initialValue": 42,
      "calculation": {
        "dependsOn": [
          "obj"
        ],
        "vegaExpression": "obj.value"
      }
    },
    {
      "variableId": "doubled_temperature",
      "type": "number",
      "initialValue": 40,
      "calculation": {
        "dependsOn": [
          "temperature"
        ],
        "vegaExpression": "temperature * 2"
      }
    }
  ],
  "groups": [
    {
      "groupId": "primer",
      "elements": [
        "# Chartifact Primer",
        "Explore the features below and **view source** to see how markdown elements are used throughout this page.",
        "---",
        "### Markdown",
        "Chartifact supports markdown for formatting text, headings, lists, and more. HTML tags are not allowed.",
        "**Bold**, *italic*, `code`, and [links](https://microsoft.com).",
        "1. Numbered item\n2. Another item",
        "- Bullet point\n- Another bullet",
        "Variables can also be used inside image URLs (`![alt text]({{variableName}})`) and hyperlink URLs (`[link text]({{variableName}})`).",
        "---",
        "### Variables",
        "Variables store values you can reference in markdown using `{{variableName}}`. They can be strings, numbers, booleans, arrays, objects, or calculated values.",
        "- **String:** Hello, **{{userName}}**!",
        "- **Number:** Temperature is **{{temperature}}°C**.",
        "- **Boolean:** Feature enabled: **{{isEnabled}}**.",
        "- **Array:** Selected items: **{{selectedItems}}**.",
        "- **Object:** Foo is **{{obj_foo}}**, value is **{{obj_value}}**.",
        "- **String:** Favorite color: **{{selectedColor}}**.",
        "---",
        "### Calculated Variables",
        "Calculated variables derive their value from other variables using [Vega's expression language](https://vega.github.io/vega/docs/expressions/).",
        "- **Doubled temperature:** **{{doubled_temperature}}** (calculated from `temperature`)",
        "Note: Some variable names are reserved and cannot be used (e.g. `datum`, `event`, etc.).",
        "---",
        "### Input Controls",
        "Input controls let users change variable values interactively. Changes are instantly reflected in markdown and calculations above.",
        {
          "type": "textbox",
          "variableId": "userName",
          "label": "Your name"
        },
        {
          "type": "slider",
          "variableId": "temperature",
          "label": "Temperature (°C)",
          "min": -10,
          "max": 40,
          "step": 1
        },
        {
          "type": "checkbox",
          "variableId": "isEnabled",
          "label": "Enable feature"
        },
        {
          "type": "dropdown",
          "variableId": "selectedColor",
          "label": "Favorite color",
          "options": [
            "red",
            "green",
            "blue",
            "yellow"
          ]
        },
        {
          "type": "dropdown",
          "variableId": "selectedItems",
          "label": "Pick fruits",
          "options": [
            "apple",
            "banana",
            "orange",
            "grape"
          ],
          "multiple": true,
          "size": 3
        },
        "---",
        "### Tips",
        "- Use variables in any markdown context, including headings and lists.",
        "- Calculated variables update automatically when their dependencies change.",
        "- Only simple variable references are supported (e.g. `{{variableName}}`)."
      ]
    }
  ]
}