{
  "$schema": "https://microsoft.github.io/chartifact/schema/idoc_v1.json",
  "title": "Feature: Data Sources",
  "dataLoaders": [
    {
      "dataSourceName": "jsonData",
      "type": "inline",
      "format": "json",
      "content": [
        {
          "item": "Stapler",
          "category": "Office Tools",
          "price": 12.99,
          "inStock": true,
          "quantity": 25
        },
        {
          "item": "Printer Paper",
          "category": "Paper",
          "price": 8.5,
          "inStock": true,
          "quantity": 150
        },
        {
          "item": "Blue Pens",
          "category": "Writing",
          "price": 3.25,
          "inStock": false,
          "quantity": 0
        },
        {
          "item": "Notebooks",
          "category": "Paper",
          "price": 5.75,
          "inStock": true,
          "quantity": 40
        },
        {
          "item": "Desk Lamp",
          "category": "Furniture",
          "price": 29.99,
          "inStock": true,
          "quantity": 8
        },
        {
          "item": "Paper Clips",
          "category": "Office Tools",
          "price": 2.1,
          "inStock": true,
          "quantity": 200
        },
        {
          "item": "Whiteboard Markers",
          "category": "Writing",
          "price": 7.8,
          "inStock": false,
          "quantity": 0
        },
        {
          "item": "File Folders",
          "category": "Storage",
          "price": 4.45,
          "inStock": true,
          "quantity": 75
        },
        {
          "item": "Ergonomic Chair",
          "category": "Furniture",
          "price": 189.99,
          "inStock": true,
          "quantity": 3
        },
        {
          "item": "Post-it Notes",
          "category": "Paper",
          "price": 6.25,
          "inStock": true,
          "quantity": 120
        },
        {
          "item": "Hole Punch",
          "category": "Office Tools",
          "price": 15.5,
          "inStock": false,
          "quantity": 0
        },
        {
          "item": "Scissors",
          "category": "Office Tools",
          "price": 9.75,
          "inStock": true,
          "quantity": 18
        }
      ]
    },
    {
      "dataSourceName": "csvData",
      "type": "url",
      "format": "csv",
      "url": "https://vega.github.io/editor/data/stocks.csv"
    },
    {
      "dataSourceName": "jsonUrlVariable",
      "type": "url",
      "format": "json",
      "url": "{{json_url}}"
    },
    {
      "dataSourceName": "inlineCsvData",
      "type": "inline",
      "format": "csv",
      "content": "item,price\nStapler,12.99\nPen,1.25\nLamp,29.99"
    }
  ],
  "variables": [
    {
      "variableId": "json_url",
      "type": "string",
      "initialValue": "https://vega.github.io/editor/data/barley.json"
    }
  ],
  "groups": [
    {
      "groupId": "json_data",
      "elements": [
        "## JSON Data",
        "Load data from a static JSON array.",
        {
          "type": "tabulator",
          "dataSourceName": "jsonData",
          "variableId": "jsonTable",
          "tabulatorOptions": {
            "autoColumns": true,
            "layout": "fitColumns",
            "maxHeight": "100px"
          }
        }
      ]
    },
    {
      "groupId": "csv_url",
      "elements": [
        "## CSV from URL",
        "Load CSV data from a fixed URL.",
        {
          "type": "tabulator",
          "dataSourceName": "csvData"
        }
      ]
    },
    {
      "groupId": "csv_url_variable",
      "elements": [
        "## Complete URL Variable (JSON)",
        "You can use a single variable for the entire JSON URL. No URL encoding is applied to the value.",
        "Note: You can also construct URLs from multiple segments (e.g., `{{host}}/{{path}}`). In that case, each segment is encoded using `encodeURIComponent`.",
        {
          "type": "dropdown",
          "variableId": "json_url",
          "options": [
            "https://vega.github.io/editor/data/barley.json",
            "https://vega.github.io/editor/data/cars.json"
          ]
        },
        {
          "type": "tabulator",
          "dataSourceName": "jsonUrlVariable",
          "variableId": "jsonUrlTable",
          "tabulatorOptions": {
            "autoColumns": true,
            "layout": "fitColumns",
            "maxHeight": "200px"
          }
        }
      ]
    },
    {
      "groupId": "inline_csv",
      "elements": [
        "## Inline CSV Data",
        "You can provide CSV data directly as a single string.",
        {
          "type": "tabulator",
          "dataSourceName": "inlineCsvData"
        }
      ]
    }
  ]
}